,column,column_std,mse,mse_avg_ratio,mse_std_ratio,test_value_counts,train_value_counts,original_value_counts,accuracy,balanced_accuracy,upsampling_factors,feature_importances,feature_names,important_features
0,Groesse_Echokardiographie,10.253,83.8905,0.4918,8.1821,,,,,,,"[6.15908426e-02 0.00000000e+00 0.00000000e+00 0.00000000e+00
 0.00000000e+00 0.00000000e+00 2.67872054e-02 0.00000000e+00
 0.00000000e+00 0.00000000e+00 1.82432310e-02 0.00000000e+00
 2.55590908e-02 2.07092938e-02 0.00000000e+00 5.08748629e-02
 2.96509615e-01 2.65967583e-01 1.59366967e-01 4.56591789e-02
 8.67432082e-03 1.69192153e-02 5.79100466e-04 2.27353342e-03
 2.85959232e-04]","['Echoqualitaet' 'Mitralklappe' 'Aortenklappe' 'Aorta' 'Trikuspidalklappe'
 'Pulmonalklappe' 'VenaCavaInferior' 'RechterVorhof' 'RechterVentrikel'
 'LinkerVorhof' 'ESD_M_Mode' 'LinkerVentrikel' 'ESV' 'EF' 'Ebene'
 'RegionaleWandbewegungen' 'Septum' 'Hinterwand' 'EDD' 'LVMMI' 'rTh'
 'LV_Fuellung' 'HeartFrequency' 'BloodPressure_Systole'
 'BloodPressure_Diastole']","[{0.06, 'Echoqualitaet'}, {0.05, 'RegionaleWandbewegungen'}, {0.3, 'Septum'}, {0.27, 'Hinterwand'}, {0.16, 'EDD'}]"
1,Gewicht_Echokardiographie,19.3557,171.2183,2.2148,8.8459,,,,,,,"[1.26930382e-01 0.00000000e+00 0.00000000e+00 1.70141166e-02
 0.00000000e+00 0.00000000e+00 3.37186188e-02 0.00000000e+00
 0.00000000e+00 0.00000000e+00 3.28728081e-02 0.00000000e+00
 1.54452597e-04 3.34575487e-04 1.11713928e-02 0.00000000e+00
 3.06250082e-01 2.63369445e-01 1.43448232e-01 4.85525450e-02
 5.56520057e-03 2.80380546e-03 2.12467903e-03 2.96502319e-03
 2.72464165e-03]","['Echoqualitaet' 'Mitralklappe' 'Aortenklappe' 'Aorta' 'Trikuspidalklappe'
 'Pulmonalklappe' 'VenaCavaInferior' 'RechterVorhof' 'RechterVentrikel'
 'LinkerVorhof' 'ESD_M_Mode' 'LinkerVentrikel' 'ESV' 'EF' 'Ebene'
 'RegionaleWandbewegungen' 'Septum' 'Hinterwand' 'EDD' 'LVMMI' 'rTh'
 'LV_Fuellung' 'HeartFrequency' 'BloodPressure_Systole'
 'BloodPressure_Diastole']","[{0.13, 'Echoqualitaet'}, {0.31, 'Septum'}, {0.26, 'Hinterwand'}, {0.14, 'EDD'}]"
2,BMI,6.8178,23.2449,0.8904,3.4094,,,,,,,"[0.1879968  0.         0.         0.04087342 0.         0.
 0.         0.         0.         0.         0.0665428  0.
 0.01258035 0.0096559  0.02181683 0.         0.28366594 0.19462845
 0.1166383  0.04275567 0.00507938 0.00738334 0.00200757 0.00449352
 0.00388171]","['Echoqualitaet' 'Mitralklappe' 'Aortenklappe' 'Aorta' 'Trikuspidalklappe'
 'Pulmonalklappe' 'VenaCavaInferior' 'RechterVorhof' 'RechterVentrikel'
 'LinkerVorhof' 'ESD_M_Mode' 'LinkerVentrikel' 'ESV' 'EF' 'Ebene'
 'RegionaleWandbewegungen' 'Septum' 'Hinterwand' 'EDD' 'LVMMI' 'rTh'
 'LV_Fuellung' 'HeartFrequency' 'BloodPressure_Systole'
 'BloodPressure_Diastole']","[{0.19, 'Echoqualitaet'}, {0.07, 'ESD_M_Mode'}, {0.28, 'Septum'}, {0.19, 'Hinterwand'}, {0.12, 'EDD'}]"
3,Echoqualitaet,,,,,"[(0, 434), (1, 363)]","[(0, 1734), (1, 1451)]","[(0, 2168), (1, 1814)]",0.6713,0.668,"{0: 1, 1: 1}","[1.32648905e-03 3.44436616e-03 1.55458334e-02 4.01367928e-02
 8.15954652e-02 3.21584057e-02 9.30203095e-02 1.96162594e-01
 9.70652896e-02 7.02999251e-02 1.08641426e-01 3.55271759e-02
 3.04514211e-03 2.68902972e-02 3.78384859e-03 1.15482073e-03
 1.74518160e-02 1.39110110e-02 8.45371914e-02 2.52927261e-02
 2.69347091e-02 5.49457617e-03 1.87054992e-03 3.99114884e-05
 4.91593580e-03 2.65625926e-03 3.22039201e-03 3.87674064e-03]","['Groesse_Echokardiographie' 'Gewicht_Echokardiographie' 'BMI'
 'Mitralklappe' 'Aortenklappe' 'Aorta' 'Trikuspidalklappe'
 'Pulmonalklappe' 'VenaCavaInferior' 'RechterVorhof' 'RechterVentrikel'
 'LinkerVorhof' 'ESD_M_Mode' 'LinkerVentrikel' 'ESV' 'EDV' 'EF' 'Ebene'
 'RegionaleWandbewegungen' 'Septum' 'Hinterwand' 'EDD' 'LVMMI' 'rTh'
 'LV_Fuellung' 'HeartFrequency' 'BloodPressure_Systole'
 'BloodPressure_Diastole']","[{0.08, 'Aortenklappe'}, {0.09, 'Trikuspidalklappe'}, {0.2, 'Pulmonalklappe'}, {0.1, 'VenaCavaInferior'}, {0.07, 'RechterVorhof'}, {0.11, 'RechterVentrikel'}, {0.08, 'RegionaleWandbewegungen'}]"
4,Mitralklappe,,,,,"[(0, 40), (1, 787)]","[(0, 413), (1, 3145)]","[(0, 202), (1, 3932)]",0.948,0.593,"{0: 2.55, 1: 1}","[9.59697583e-04 1.74362709e-04 1.02742524e-03 2.16092860e-03
 1.82577891e-01 1.31778768e-02 1.85207392e-02 1.50053731e-01
 3.54985097e-02 1.18313548e-01 1.74920504e-01 5.01859271e-02
 3.65813300e-04 9.79896018e-03 2.46455904e-03 1.41846802e-03
 6.43547288e-04 1.61447872e-02 2.09628534e-01 3.46128733e-04
 2.66249170e-03 3.95081316e-03 1.53208000e-04 1.18895203e-03
 2.42428286e-03 9.24231915e-04 1.01242432e-04 2.12838852e-04]","['Groesse_Echokardiographie' 'Gewicht_Echokardiographie' 'BMI'
 'Echoqualitaet' 'Aortenklappe' 'Aorta' 'Trikuspidalklappe'
 'Pulmonalklappe' 'VenaCavaInferior' 'RechterVorhof' 'RechterVentrikel'
 'LinkerVorhof' 'ESD_M_Mode' 'LinkerVentrikel' 'ESV' 'EDV' 'EF' 'Ebene'
 'RegionaleWandbewegungen' 'Septum' 'Hinterwand' 'EDD' 'LVMMI' 'rTh'
 'LV_Fuellung' 'HeartFrequency' 'BloodPressure_Systole'
 'BloodPressure_Diastole']","[{0.18, 'Aortenklappe'}, {0.15, 'Pulmonalklappe'}, {0.12, 'RechterVorhof'}, {0.17, 'RechterVentrikel'}, {'LinkerVorhof', 0.05}, {0.21, 'RegionaleWandbewegungen'}]"
5,Aortenklappe,,,,,"[(0, 25), (1, 802)]","[(0, 413), (1, 3202)]","[(0, 127), (1, 4004)]",0.9577,0.6488,"{0: 4.05, 1: 1}","[1.78601737e-03 1.44252023e-03 4.56034609e-03 3.30681135e-02
 1.96821810e-01 2.83741617e-02 2.40797079e-01 1.12507084e-01
 1.44001861e-03 5.99036824e-02 8.40647335e-02 1.10513908e-02
 2.56418923e-03 1.22639166e-01 1.28499168e-03 4.46794442e-04
 1.65202080e-03 3.17799900e-02 8.11869085e-03 1.26237117e-04
 3.15690909e-02 1.35629649e-02 3.40032997e-03 5.77949448e-04
 1.72326271e-03 3.15310629e-03 1.09717625e-03 4.87080991e-04]","['Groesse_Echokardiographie' 'Gewicht_Echokardiographie' 'BMI'
 'Echoqualitaet' 'Mitralklappe' 'Aorta' 'Trikuspidalklappe'
 'Pulmonalklappe' 'VenaCavaInferior' 'RechterVorhof' 'RechterVentrikel'
 'LinkerVorhof' 'ESD_M_Mode' 'LinkerVentrikel' 'ESV' 'EDV' 'EF' 'Ebene'
 'RegionaleWandbewegungen' 'Septum' 'Hinterwand' 'EDD' 'LVMMI' 'rTh'
 'LV_Fuellung' 'HeartFrequency' 'BloodPressure_Systole'
 'BloodPressure_Diastole']","[{0.2, 'Mitralklappe'}, {0.24, 'Trikuspidalklappe'}, {0.11, 'Pulmonalklappe'}, {0.06, 'RechterVorhof'}, {0.08, 'RechterVentrikel'}, {0.12, 'LinkerVentrikel'}]"
6,Aorta,,,,,"[(1, 33), (2, 746)]","[(0, 413), (1, 413), (2, 2977)]","[(0, 1), (1, 167), (2, 3723)]",0.9589,0.5296,"{0: 413.0, 1: 3.08, 2: 1}","[0.00195011 0.00252123 0.00456266 0.17942927 0.03256736 0.0125053
 0.05120523 0.07160986 0.14147814 0.04260641 0.06309095 0.12290145
 0.00507872 0.0124255  0.00493805 0.00669635 0.00417853 0.01817638
 0.11026307 0.02161326 0.05843198 0.00497364 0.002848   0.00811097
 0.0077404  0.00237653 0.00179808 0.00392257]","['Groesse_Echokardiographie' 'Gewicht_Echokardiographie' 'BMI'
 'Echoqualitaet' 'Mitralklappe' 'Aortenklappe' 'Trikuspidalklappe'
 'Pulmonalklappe' 'VenaCavaInferior' 'RechterVorhof' 'RechterVentrikel'
 'LinkerVorhof' 'ESD_M_Mode' 'LinkerVentrikel' 'ESV' 'EDV' 'EF' 'Ebene'
 'RegionaleWandbewegungen' 'Septum' 'Hinterwand' 'EDD' 'LVMMI' 'rTh'
 'LV_Fuellung' 'HeartFrequency' 'BloodPressure_Systole'
 'BloodPressure_Diastole']","[{0.18, 'Echoqualitaet'}, {0.05, 'Trikuspidalklappe'}, {0.07, 'Pulmonalklappe'}, {0.14, 'VenaCavaInferior'}, {0.06, 'RechterVentrikel'}, {'LinkerVorhof', 0.12}, {0.11, 'RegionaleWandbewegungen'}, {0.06, 'Hinterwand'}]"
7,Trikuspidalklappe,,,,,"[(0, 1), (1, 826)]","[(0, 413), (1, 3301)]","[(0, 6), (1, 4127)]",0.9686,0.4849,"{0: 82.6, 1: 1}","[0.00040383 0.00110995 0.00126759 0.0139895  0.17985579 0.14020821
 0.11740773 0.05563158 0.01390624 0.13908252 0.00189537 0.06867297
 0.00557742 0.03579335 0.00043363 0.00033378 0.00513775 0.02104982
 0.12960617 0.00875091 0.03285737 0.00306139 0.00073071 0.00420501
 0.01673935 0.00036452 0.00022659 0.00170095]","['Groesse_Echokardiographie' 'Gewicht_Echokardiographie' 'BMI'
 'Echoqualitaet' 'Mitralklappe' 'Aortenklappe' 'Aorta' 'Pulmonalklappe'
 'VenaCavaInferior' 'RechterVorhof' 'RechterVentrikel' 'LinkerVorhof'
 'ESD_M_Mode' 'LinkerVentrikel' 'ESV' 'EDV' 'EF' 'Ebene'
 'RegionaleWandbewegungen' 'Septum' 'Hinterwand' 'EDD' 'LVMMI' 'rTh'
 'LV_Fuellung' 'HeartFrequency' 'BloodPressure_Systole'
 'BloodPressure_Diastole']","[{0.18, 'Mitralklappe'}, {0.14, 'Aortenklappe'}, {0.12, 'Aorta'}, {0.06, 'Pulmonalklappe'}, {0.14, 'RechterVorhof'}, {'LinkerVorhof', 0.07}, {0.13, 'RegionaleWandbewegungen'}]"
8,VenaCavaInferior,,,,,"[(0, 8), (1, 218)]","[(0, 413), (1, 872)]","[(0, 38), (1, 1090)]",0.8894,0.5212,"{0: 13.77, 1: 1}","[5.35578894e-03 3.23673658e-03 3.86980955e-03 2.78188116e-02
 1.26960197e-02 0.00000000e+00 1.26124312e-02 4.31209941e-02
 1.23754015e-01 7.35075593e-02 1.17537440e-01 2.15035315e-01
 3.41995311e-03 1.73767581e-01 1.36649054e-02 5.23769071e-03
 5.40044547e-03 5.71153055e-02 3.65968119e-02 1.84496036e-02
 2.32510863e-02 3.18614075e-03 1.65379958e-03 7.73490584e-03
 8.11626869e-03 9.10733301e-04 1.11986501e-04 2.83786187e-03]","['Groesse_Echokardiographie' 'Gewicht_Echokardiographie' 'BMI'
 'Echoqualitaet' 'Mitralklappe' 'Aortenklappe' 'Aorta' 'Trikuspidalklappe'
 'Pulmonalklappe' 'RechterVorhof' 'RechterVentrikel' 'LinkerVorhof'
 'ESD_M_Mode' 'LinkerVentrikel' 'ESV' 'EDV' 'EF' 'Ebene'
 'RegionaleWandbewegungen' 'Septum' 'Hinterwand' 'EDD' 'LVMMI' 'rTh'
 'LV_Fuellung' 'HeartFrequency' 'BloodPressure_Systole'
 'BloodPressure_Diastole']","[{0.12, 'Pulmonalklappe'}, {0.07, 'RechterVorhof'}, {0.12, 'RechterVentrikel'}, {'LinkerVorhof', 0.22}, {0.17, 'LinkerVentrikel'}, {0.06, 'Ebene'}]"
9,RechterVorhof,,,,,"[(0, 3), (1, 823)]","[(0, 413), (1, 3289)]","[(0, 16), (1, 4112)]",0.9855,0.8267,"{0: 31.77, 1: 1}","[1.58203516e-03 1.78682723e-03 5.91185680e-03 1.82402482e-02
 1.25204336e-01 3.46165437e-02 8.90588294e-02 0.00000000e+00
 5.39496299e-03 5.39690980e-03 1.25621450e-01 1.79299551e-01
 1.57381261e-03 1.11873131e-01 3.03881121e-03 7.40942758e-04
 5.09665057e-04 2.47305499e-02 1.94295910e-01 3.19562640e-04
 3.92479985e-02 1.10804623e-02 6.79486401e-04 9.67812376e-03
 6.05398501e-03 3.59359466e-03 1.04846594e-04 3.65568090e-04]","['Groesse_Echokardiographie' 'Gewicht_Echokardiographie' 'BMI'
 'Echoqualitaet' 'Mitralklappe' 'Aortenklappe' 'Aorta' 'Trikuspidalklappe'
 'Pulmonalklappe' 'VenaCavaInferior' 'RechterVentrikel' 'LinkerVorhof'
 'ESD_M_Mode' 'LinkerVentrikel' 'ESV' 'EDV' 'EF' 'Ebene'
 'RegionaleWandbewegungen' 'Septum' 'Hinterwand' 'EDD' 'LVMMI' 'rTh'
 'LV_Fuellung' 'HeartFrequency' 'BloodPressure_Systole'
 'BloodPressure_Diastole']","[{0.13, 'Mitralklappe'}, {0.09, 'Aorta'}, {0.13, 'RechterVentrikel'}, {'LinkerVorhof', 0.18}, {0.11, 'LinkerVentrikel'}, {0.19, 'RegionaleWandbewegungen'}]"
10,RechterVentrikel,,,,,"[(0, 1), (1, 825)]","[(0, 413), (1, 3294)]","[(0, 7), (1, 4119)]",0.9903,0.4958,"{0: 68.83, 1: 1}","[0.00388496 0.00252121 0.01543816 0.0108795  0.03807876 0.01755023
 0.11069936 0.12409841 0.         0.22220871 0.21996393 0.04179982
 0.00053411 0.07591916 0.00288792 0.00109953 0.00295965 0.0150313
 0.01061401 0.01176276 0.03526683 0.0158572  0.00478739 0.00292047
 0.00384808 0.00063659 0.0034242  0.00532776]","['Groesse_Echokardiographie' 'Gewicht_Echokardiographie' 'BMI'
 'Echoqualitaet' 'Mitralklappe' 'Aortenklappe' 'Aorta' 'Trikuspidalklappe'
 'Pulmonalklappe' 'VenaCavaInferior' 'RechterVorhof' 'LinkerVorhof'
 'ESD_M_Mode' 'LinkerVentrikel' 'ESV' 'EDV' 'EF' 'Ebene'
 'RegionaleWandbewegungen' 'Septum' 'Hinterwand' 'EDD' 'LVMMI' 'rTh'
 'LV_Fuellung' 'HeartFrequency' 'BloodPressure_Systole'
 'BloodPressure_Diastole']","[{0.11, 'Aorta'}, {0.12, 'Trikuspidalklappe'}, {0.22, 'VenaCavaInferior'}, {0.22, 'RechterVorhof'}, {0.08, 'LinkerVentrikel'}]"
11,LinkerVorhof,,,,,"[(0, 11), (1, 815)]","[(0, 413), (1, 3258)]","[(0, 56), (1, 4073)]",0.9697,0.5811,"{0: 9.18, 1: 1}","[0.00182252 0.00188096 0.00070806 0.01036551 0.03389716 0.00222901
 0.01185386 0.         0.         0.01910295 0.27634361 0.27575324
 0.01368186 0.0390261  0.00142584 0.00056208 0.0009483  0.00529708
 0.25762496 0.00761358 0.03156383 0.00222326 0.00172255 0.00120739
 0.00117844 0.00106046 0.00038796 0.00051944]","['Groesse_Echokardiographie' 'Gewicht_Echokardiographie' 'BMI'
 'Echoqualitaet' 'Mitralklappe' 'Aortenklappe' 'Aorta' 'Trikuspidalklappe'
 'Pulmonalklappe' 'VenaCavaInferior' 'RechterVorhof' 'RechterVentrikel'
 'ESD_M_Mode' 'LinkerVentrikel' 'ESV' 'EDV' 'EF' 'Ebene'
 'RegionaleWandbewegungen' 'Septum' 'Hinterwand' 'EDD' 'LVMMI' 'rTh'
 'LV_Fuellung' 'HeartFrequency' 'BloodPressure_Systole'
 'BloodPressure_Diastole']","[{0.28, 'RechterVorhof'}, {0.28, 'RechterVentrikel'}, {0.26, 'RegionaleWandbewegungen'}]"
12,ESD_M_Mode,5.3031,18.3485,0.5269,3.46,,,,,,,"[0.0121577  0.06931528 0.02889236 0.         0.         0.
 0.         0.         0.         0.         0.         0.
 0.         0.         0.0025325  0.01448811 0.05095199 0.
 0.         0.37530905 0.23440265 0.15201144 0.01320328 0.00535105
 0.02328641 0.00973945 0.00835872 0.        ]","['Groesse_Echokardiographie' 'Gewicht_Echokardiographie' 'BMI'
 'Echoqualitaet' 'Mitralklappe' 'Aortenklappe' 'Aorta' 'Trikuspidalklappe'
 'Pulmonalklappe' 'VenaCavaInferior' 'RechterVorhof' 'RechterVentrikel'
 'LinkerVorhof' 'LinkerVentrikel' 'ESV' 'EDV' 'EF' 'Ebene'
 'RegionaleWandbewegungen' 'Septum' 'Hinterwand' 'EDD' 'LVMMI' 'rTh'
 'LV_Fuellung' 'HeartFrequency' 'BloodPressure_Systole'
 'BloodPressure_Diastole']","[{0.07, 'Gewicht_Echokardiographie'}, {'EF', 0.05}, {0.38, 'Septum'}, {0.23, 'Hinterwand'}, {0.15, 'EDD'}]"
13,LinkerVentrikel,,,,,"[(0, 8), (1, 818)]","[(0, 413), (1, 3271)]","[(0, 39), (1, 4089)]",0.9697,0.5515,"{0: 13.32, 1: 1}","[9.48816627e-05 1.09246886e-04 6.86910759e-04 7.47039817e-04
 8.81709669e-02 1.13473735e-01 3.65353775e-02 2.51291295e-02
 1.29577061e-01 4.37107636e-02 2.34388213e-01 1.43714305e-01
 6.31009387e-02 3.24055612e-03 1.05020418e-03 8.87437152e-04
 1.88564062e-03 4.84411420e-02 1.84193503e-02 1.59836311e-02
 2.01278052e-02 8.97860917e-04 2.50853965e-04 1.59231414e-03
 5.55506587e-03 2.86096788e-04 1.04108609e-03 9.02387208e-04]","['Groesse_Echokardiographie' 'Gewicht_Echokardiographie' 'BMI'
 'Echoqualitaet' 'Mitralklappe' 'Aortenklappe' 'Aorta' 'Trikuspidalklappe'
 'Pulmonalklappe' 'VenaCavaInferior' 'RechterVorhof' 'RechterVentrikel'
 'LinkerVorhof' 'ESD_M_Mode' 'ESV' 'EDV' 'EF' 'Ebene'
 'RegionaleWandbewegungen' 'Septum' 'Hinterwand' 'EDD' 'LVMMI' 'rTh'
 'LV_Fuellung' 'HeartFrequency' 'BloodPressure_Systole'
 'BloodPressure_Diastole']","[{0.09, 'Mitralklappe'}, {0.11, 'Aortenklappe'}, {0.13, 'Pulmonalklappe'}, {0.23, 'RechterVorhof'}, {0.14, 'RechterVentrikel'}, {'LinkerVorhof', 0.06}]"
14,ESV,11.5875,72.2964,1.9168,6.2392,,,,,,,"[0.04398429 0.02262332 0.02074751 0.06931441 0.         0.
 0.         0.         0.         0.24510603 0.         0.
 0.         0.02282231 0.         0.         0.13990717 0.0477275
 0.21409963 0.03813675 0.11591357 0.01132709 0.00340045 0.00488998]","['Groesse_Echokardiographie' 'Gewicht_Echokardiographie' 'BMI'
 'Echoqualitaet' 'Mitralklappe' 'Aortenklappe' 'Aorta' 'Trikuspidalklappe'
 'Pulmonalklappe' 'VenaCavaInferior' 'RechterVorhof' 'RechterVentrikel'
 'LinkerVorhof' 'ESD_M_Mode' 'LinkerVentrikel' 'Ebene'
 'RegionaleWandbewegungen' 'Septum' 'Hinterwand' 'rTh' 'LV_Fuellung'
 'HeartFrequency' 'BloodPressure_Systole' 'BloodPressure_Diastole']","[{0.07, 'Echoqualitaet'}, {0.25, 'VenaCavaInferior'}, {0.14, 'RegionaleWandbewegungen'}, {0.21, 'Hinterwand'}, {0.12, 'LV_Fuellung'}]"
15,EDV,23.4719,300.3892,3.1575,12.7978,,,,,,,"[0.07331641 0.         0.         0.05680824 0.         0.
 0.15183461 0.         0.         0.         0.03442048 0.
 0.02542376 0.07799479 0.07062278 0.19789842 0.23942807 0.00228235
 0.03921802 0.0162197  0.00783962 0.00669275]","['Echoqualitaet' 'Mitralklappe' 'Aortenklappe' 'Aorta' 'Trikuspidalklappe'
 'Pulmonalklappe' 'VenaCavaInferior' 'RechterVorhof' 'RechterVentrikel'
 'LinkerVorhof' 'ESD_M_Mode' 'LinkerVentrikel' 'Ebene'
 'RegionaleWandbewegungen' 'Septum' 'Hinterwand' 'EDD' 'rTh' 'LV_Fuellung'
 'HeartFrequency' 'BloodPressure_Systole' 'BloodPressure_Diastole']","[{0.07, 'Echoqualitaet'}, {0.06, 'Aorta'}, {0.15, 'VenaCavaInferior'}, {0.08, 'RegionaleWandbewegungen'}, {0.07, 'Septum'}, {0.2, 'Hinterwand'}, {0.24, 'EDD'}]"
16,EF,4.7281,19.7526,0.3256,4.1777,,,,,,,"[0.0257413  0.00920698 0.         0.13031993 0.         0.
 0.         0.         0.         0.40035227 0.         0.
 0.         0.04164022 0.         0.         0.         0.
 0.2745934  0.02441442 0.07517007 0.00134096 0.00481802 0.01240245]","['Groesse_Echokardiographie' 'Gewicht_Echokardiographie' 'BMI'
 'Echoqualitaet' 'Mitralklappe' 'Aortenklappe' 'Aorta' 'Trikuspidalklappe'
 'Pulmonalklappe' 'VenaCavaInferior' 'RechterVorhof' 'RechterVentrikel'
 'LinkerVorhof' 'ESD_M_Mode' 'LinkerVentrikel' 'Ebene'
 'RegionaleWandbewegungen' 'Septum' 'Hinterwand' 'EDD' 'rTh'
 'HeartFrequency' 'BloodPressure_Systole' 'BloodPressure_Diastole']","[{0.13, 'Echoqualitaet'}, {0.4, 'VenaCavaInferior'}, {0.27, 'Hinterwand'}, {0.08, 'rTh'}]"
17,Ebene,,,,,"[(1, 768), (2, 17)]","[(0, 413), (1, 3069), (2, 413)]","[(0, 2), (1, 3837), (2, 83)]",0.9745,0.498,"{0: 206.5, 1: 1, 2: 6.26}","[0.0040302  0.00808018 0.00325988 0.30411405 0.00958717 0.10306152
 0.00800572 0.04097608 0.02161446 0.10072814 0.03859109 0.03991728
 0.0853112  0.01425645 0.07430745 0.00392213 0.00424961 0.00152921
 0.01179236 0.03939117 0.03718251 0.02595339 0.00174504 0.0023175
 0.00349318 0.00320494 0.00258318 0.00679492]","['Groesse_Echokardiographie' 'Gewicht_Echokardiographie' 'BMI'
 'Echoqualitaet' 'Mitralklappe' 'Aortenklappe' 'Aorta' 'Trikuspidalklappe'
 'Pulmonalklappe' 'VenaCavaInferior' 'RechterVorhof' 'RechterVentrikel'
 'LinkerVorhof' 'ESD_M_Mode' 'LinkerVentrikel' 'ESV' 'EDV' 'EF'
 'RegionaleWandbewegungen' 'Septum' 'Hinterwand' 'EDD' 'LVMMI' 'rTh'
 'LV_Fuellung' 'HeartFrequency' 'BloodPressure_Systole'
 'BloodPressure_Diastole']","[{0.3, 'Echoqualitaet'}, {0.1, 'Aortenklappe'}, {0.1, 'VenaCavaInferior'}, {'LinkerVorhof', 0.09}, {0.07, 'LinkerVentrikel'}]"
18,RegionaleWandbewegungen,,,,,"[(0, 20), (1, 773)]","[(0, 413), (1, 3092)]","[(0, 99), (1, 3865)]",0.971,0.5955,"{0: 5.23, 1: 1}","[1.39391643e-03 5.48374851e-04 1.78886674e-03 1.28861366e-02
 2.42430900e-01 2.18817885e-02 3.06774740e-03 1.81441070e-02
 1.61716376e-01 4.16011344e-02 7.32405006e-02 8.22503311e-03
 1.85718321e-01 4.20537572e-03 1.54561372e-01 1.80507196e-03
 9.99384139e-04 9.81651548e-03 2.86428562e-04 1.72939389e-02
 2.70977011e-02 5.68423342e-03 2.42959243e-03 3.75598061e-04
 9.01926539e-04 1.03353150e-03 8.28528326e-04 3.75992831e-05]","['Groesse_Echokardiographie' 'Gewicht_Echokardiographie' 'BMI'
 'Echoqualitaet' 'Mitralklappe' 'Aortenklappe' 'Aorta' 'Trikuspidalklappe'
 'Pulmonalklappe' 'VenaCavaInferior' 'RechterVorhof' 'RechterVentrikel'
 'LinkerVorhof' 'ESD_M_Mode' 'LinkerVentrikel' 'ESV' 'EDV' 'EF' 'Ebene'
 'Septum' 'Hinterwand' 'EDD' 'LVMMI' 'rTh' 'LV_Fuellung' 'HeartFrequency'
 'BloodPressure_Systole' 'BloodPressure_Diastole']","[{0.24, 'Mitralklappe'}, {0.16, 'Pulmonalklappe'}, {0.07, 'RechterVorhof'}, {'LinkerVorhof', 0.19}, {0.15, 'LinkerVentrikel'}]"
19,Septum,1.5352,1.2615,0.1452,0.8217,,,,,,,"[0.0463095  0.04822526 0.         0.         0.         0.
 0.         0.         0.         0.32195095 0.         0.
 0.         0.14268453 0.         0.         0.         0.
 0.         0.         0.04151617 0.21330942 0.14399886 0.
 0.01333383 0.02867149]","['Groesse_Echokardiographie' 'Gewicht_Echokardiographie' 'BMI'
 'Echoqualitaet' 'Mitralklappe' 'Aortenklappe' 'Aorta' 'Trikuspidalklappe'
 'Pulmonalklappe' 'VenaCavaInferior' 'RechterVorhof' 'RechterVentrikel'
 'LinkerVorhof' 'ESD_M_Mode' 'LinkerVentrikel' 'ESV' 'EDV' 'EF' 'Ebene'
 'RegionaleWandbewegungen' 'EDD' 'rTh' 'LV_Fuellung' 'HeartFrequency'
 'BloodPressure_Systole' 'BloodPressure_Diastole']","[{0.32, 'VenaCavaInferior'}, {0.14, 'ESD_M_Mode'}, {0.21, 'rTh'}, {0.14, 'LV_Fuellung'}]"
20,Hinterwand,1.2174,0.5347,0.0693,0.4392,,,,,,,"[0.02352512 0.02351066 0.         0.         0.         0.
 0.         0.         0.         0.03542752 0.         0.
 0.         0.06381799 0.         0.01679472 0.01321804 0.
 0.         0.         0.2172742  0.32945922 0.25804412 0.
 0.00223699 0.01669143]","['Groesse_Echokardiographie' 'Gewicht_Echokardiographie' 'BMI'
 'Echoqualitaet' 'Mitralklappe' 'Aortenklappe' 'Aorta' 'Trikuspidalklappe'
 'Pulmonalklappe' 'VenaCavaInferior' 'RechterVorhof' 'RechterVentrikel'
 'LinkerVorhof' 'ESD_M_Mode' 'LinkerVentrikel' 'ESV' 'EDV' 'EF' 'Ebene'
 'RegionaleWandbewegungen' 'EDD' 'rTh' 'LV_Fuellung' 'HeartFrequency'
 'BloodPressure_Systole' 'BloodPressure_Diastole']","[{0.06, 'ESD_M_Mode'}, {0.22, 'EDD'}, {0.33, 'rTh'}, {0.26, 'LV_Fuellung'}]"
21,EDD,4.9022,9.857,0.2104,2.0107,,,,,,,"[0.0174363  0.01076462 0.         0.         0.         0.
 0.         0.         0.         0.         0.         0.
 0.         0.05690997 0.         0.02715761 0.01131257 0.
 0.         0.06111125 0.59002557 0.12998437 0.0835768  0.00569154
 0.00166695 0.00436245]","['Groesse_Echokardiographie' 'Gewicht_Echokardiographie' 'BMI'
 'Echoqualitaet' 'Mitralklappe' 'Aortenklappe' 'Aorta' 'Trikuspidalklappe'
 'Pulmonalklappe' 'VenaCavaInferior' 'RechterVorhof' 'RechterVentrikel'
 'LinkerVorhof' 'ESD_M_Mode' 'LinkerVentrikel' 'EDV' 'EF' 'Ebene'
 'RegionaleWandbewegungen' 'Septum' 'Hinterwand' 'rTh' 'LV_Fuellung'
 'HeartFrequency' 'BloodPressure_Systole' 'BloodPressure_Diastole']","[{0.06, 'ESD_M_Mode'}, {0.06, 'Septum'}, {0.59, 'Hinterwand'}, {0.13, 'rTh'}, {0.08, 'LV_Fuellung'}]"
22,LVMMI,17.2949,247.9833,3.6267,14.3385,,,,,,,"[0.01895528 0.00247838 0.01599995 0.19629675 0.         0.
 0.         0.         0.         0.34698364 0.         0.
 0.05622577 0.131693   0.         0.07009044 0.02119516 0.04461779
 0.06915828 0.0135799  0.00482091 0.00790475]","['Groesse_Echokardiographie' 'Gewicht_Echokardiographie' 'BMI'
 'Echoqualitaet' 'Mitralklappe' 'Aortenklappe' 'Aorta' 'Trikuspidalklappe'
 'Pulmonalklappe' 'VenaCavaInferior' 'RechterVorhof' 'RechterVentrikel'
 'LinkerVorhof' 'ESD_M_Mode' 'LinkerVentrikel' 'Ebene'
 'RegionaleWandbewegungen' 'rTh' 'LV_Fuellung' 'HeartFrequency'
 'BloodPressure_Systole' 'BloodPressure_Diastole']","[{0.2, 'Echoqualitaet'}, {0.35, 'VenaCavaInferior'}, {'LinkerVorhof', 0.06}, {0.13, 'ESD_M_Mode'}, {0.07, 'Ebene'}, {0.07, 'LV_Fuellung'}]"
23,rTh,9.0942,24.4593,0.4152,2.6896,,,,,,,"[1.07593856e-03 7.04743727e-04 0.00000000e+00 0.00000000e+00
 0.00000000e+00 0.00000000e+00 0.00000000e+00 0.00000000e+00
 0.00000000e+00 5.04984842e-02 0.00000000e+00 0.00000000e+00
 0.00000000e+00 1.74462314e-03 0.00000000e+00 3.01846675e-03
 7.61968885e-04 9.65447843e-03 0.00000000e+00 0.00000000e+00
 0.00000000e+00 6.88542632e-01 1.28823902e-01 3.95310172e-03
 1.07308598e-01 3.55285611e-04 7.22589022e-04 2.83518750e-03]","['Groesse_Echokardiographie' 'Gewicht_Echokardiographie' 'BMI'
 'Echoqualitaet' 'Mitralklappe' 'Aortenklappe' 'Aorta' 'Trikuspidalklappe'
 'Pulmonalklappe' 'VenaCavaInferior' 'RechterVorhof' 'RechterVentrikel'
 'LinkerVorhof' 'ESD_M_Mode' 'LinkerVentrikel' 'ESV' 'EDV' 'EF' 'Ebene'
 'RegionaleWandbewegungen' 'Septum' 'Hinterwand' 'EDD' 'LVMMI'
 'LV_Fuellung' 'HeartFrequency' 'BloodPressure_Systole'
 'BloodPressure_Diastole']","[{0.05, 'VenaCavaInferior'}, {0.69, 'Hinterwand'}, {0.13, 'EDD'}, {0.11, 'LV_Fuellung'}]"
24,LV_Fuellung,4.1082,0.0006,0.0,0.0001,,,,,,,"[0.00000000e+00 0.00000000e+00 0.00000000e+00 0.00000000e+00
 0.00000000e+00 0.00000000e+00 0.00000000e+00 0.00000000e+00
 0.00000000e+00 0.00000000e+00 0.00000000e+00 0.00000000e+00
 0.00000000e+00 0.00000000e+00 0.00000000e+00 4.99932681e-04
 0.00000000e+00 0.00000000e+00 0.00000000e+00 0.00000000e+00
 0.00000000e+00 0.00000000e+00 0.00000000e+00 9.99500067e-01
 0.00000000e+00 0.00000000e+00 0.00000000e+00]","['Groesse_Echokardiographie' 'Gewicht_Echokardiographie' 'BMI'
 'Echoqualitaet' 'Mitralklappe' 'Aortenklappe' 'Aorta' 'Trikuspidalklappe'
 'Pulmonalklappe' 'VenaCavaInferior' 'RechterVorhof' 'RechterVentrikel'
 'LinkerVorhof' 'ESD_M_Mode' 'LinkerVentrikel' 'ESV' 'EDV' 'Ebene'
 'RegionaleWandbewegungen' 'Septum' 'Hinterwand' 'EDD' 'LVMMI' 'rTh'
 'HeartFrequency' 'BloodPressure_Systole' 'BloodPressure_Diastole']","[{1.0, 'rTh'}]"
25,HeartFrequency,14.6917,190.3976,2.5217,12.9595,,,,,,,"[0.00201327 0.01740669 0.0125452  0.21225991 0.19455711 0.41257649
 0.         0.         0.         0.01044342 0.         0.
 0.         0.02183208 0.         0.00589385 0.02252974 0.00539218
 0.         0.         0.         0.         0.0405362  0.00057742
 0.00370247 0.01753987 0.00343872 0.01675537]","['Groesse_Echokardiographie' 'Gewicht_Echokardiographie' 'BMI'
 'Echoqualitaet' 'Mitralklappe' 'Aortenklappe' 'Aorta' 'Trikuspidalklappe'
 'Pulmonalklappe' 'VenaCavaInferior' 'RechterVorhof' 'RechterVentrikel'
 'LinkerVorhof' 'ESD_M_Mode' 'LinkerVentrikel' 'ESV' 'EDV' 'EF' 'Ebene'
 'RegionaleWandbewegungen' 'Septum' 'Hinterwand' 'EDD' 'LVMMI' 'rTh'
 'LV_Fuellung' 'BloodPressure_Systole' 'BloodPressure_Diastole']","[{0.21, 'Echoqualitaet'}, {0.19, 'Mitralklappe'}, {0.41, 'Aortenklappe'}]"
26,BloodPressure_Systole,17.7869,170.6194,1.3401,9.5924,,,,,,,"[0.00331355 0.00573925 0.00832839 0.05292198 0.07561995 0.4336475
 0.         0.         0.         0.03808782 0.         0.
 0.         0.01813225 0.         0.03446012 0.00891202 0.05792503
 0.         0.         0.10217163 0.00446799 0.         0.005317
 0.00967248 0.00654438 0.00448936 0.1302493 ]","['Groesse_Echokardiographie' 'Gewicht_Echokardiographie' 'BMI'
 'Echoqualitaet' 'Mitralklappe' 'Aortenklappe' 'Aorta' 'Trikuspidalklappe'
 'Pulmonalklappe' 'VenaCavaInferior' 'RechterVorhof' 'RechterVentrikel'
 'LinkerVorhof' 'ESD_M_Mode' 'LinkerVentrikel' 'ESV' 'EDV' 'EF' 'Ebene'
 'RegionaleWandbewegungen' 'Septum' 'Hinterwand' 'EDD' 'LVMMI' 'rTh'
 'LV_Fuellung' 'HeartFrequency' 'BloodPressure_Diastole']","[{0.05, 'Echoqualitaet'}, {0.08, 'Mitralklappe'}, {0.43, 'Aortenklappe'}, {'EF', 0.06}, {0.1, 'Septum'}, {0.13, 'BloodPressure_Diastole'}]"
27,BloodPressure_Diastole,12.1669,84.7246,1.0982,6.9635,,,,,,,"[0.00954477 0.02218443 0.02462074 0.01499407 0.04640946 0.
 0.         0.         0.         0.32686857 0.         0.
 0.         0.00889696 0.         0.02248343 0.00492362 0.09379389
 0.         0.         0.14236115 0.         0.0415297  0.00144424
 0.00763601 0.02829436 0.02628388 0.17773073]","['Groesse_Echokardiographie' 'Gewicht_Echokardiographie' 'BMI'
 'Echoqualitaet' 'Mitralklappe' 'Aortenklappe' 'Aorta' 'Trikuspidalklappe'
 'Pulmonalklappe' 'VenaCavaInferior' 'RechterVorhof' 'RechterVentrikel'
 'LinkerVorhof' 'ESD_M_Mode' 'LinkerVentrikel' 'ESV' 'EDV' 'EF' 'Ebene'
 'RegionaleWandbewegungen' 'Septum' 'Hinterwand' 'EDD' 'LVMMI' 'rTh'
 'LV_Fuellung' 'HeartFrequency' 'BloodPressure_Systole']","[{0.33, 'VenaCavaInferior'}, {'EF', 0.09}, {0.14, 'Septum'}, {0.18, 'BloodPressure_Systole'}]"
